airport,score
DEN,102.6830182390783
ORD,102.6830182390783
DFW,102.6830182390783
EWR,102.6830182390783
ATL,93.34819839916207
DCA,93.34819839916207
IAH,93.34819839916207
PHL,93.34819839916207
MDW,93.34819839916207
SEA,93.34819839916207
IAD,93.34819839916207
FLL,93.34819839916207
LGA,93.34819839916207
DAL,93.34819839916207
PHX,93.34819839916207
DTW,93.34819839916207
SFO,93.34819839916207
LAS,93.34819839916207
RDU,93.34819839916207
MCI,93.34819839916207
CLT,93.34819839916207
STL,93.34819839916207
MIA,93.34819839916207
BOS,93.34819839916207
BWI,93.34819839916207
JFK,93.34819839916207
MSP,93.34819839916207
TPA,93.34819839916207
LAX,93.34819839916207
MCO,93.34819839916207
HOU,93.34819839916207
BNA,93.34819839916207
RSW,84.86199854469278
EGE,84.86199854469278
OAK,84.86199854469278
OMA,84.86199854469278
AUS,84.86199854469278
SAN,84.86199854469278
CHS,84.86199854469278
CLE,84.86199854469278
MSY,84.86199854469278
CVG,84.86199854469278
SLC,84.86199854469278
SAT,84.86199854469278
PBI,77.14727140426616
ABQ,77.14727140426616
PDX,77.14727140426616
JAX,77.14727140426616
SMF,77.14727140426616
ORF,77.14727140426616
CMH,77.14727140426616
TTN,77.14727140426616
IND,77.14727140426616
PIT,77.14727140426616
SWF,77.14727140426616
MEM,77.14727140426616
ANC,77.14727140426616
OKC,77.14727140426616
MKE,77.14727140426616
SJU,77.14727140426616
RIC,70.13388309478742
SDF,70.13388309478742
SNA,70.13388309478742
JAC,70.13388309478742
MYR,70.13388309478742
BZN,70.13388309478742
TUL,70.13388309478742
SJC,70.13388309478742
BDL,70.13388309478742
STT,70.13388309478742
HNL,63.75807554071583
CID,63.75807554071583
BHM,63.75807554071583
RNO,63.75807554071583
HDN,63.75807554071583
DAY,63.75807554071583
GRR,63.75807554071583
ALB,63.75807554071583
TYS,63.75807554071583
MTJ,63.75807554071583
ASE,63.75807554071583
GSO,63.75807554071583
12478,57.961886855196205
XNA,57.961886855196205
11618,57.961886855196205
ICT,57.961886855196205
BMI,57.961886855196205
ACY,57.961886855196205
OGG,57.961886855196205
ELP,57.961886855196205
DSM,57.961886855196205
11298,57.961886855196205
ROC,57.961886855196205
13930,57.961886855196205
PVD,57.961886855196205
LIT,57.961886855196205
TUS,57.961886855196205
SBN,57.961886855196205
HSV,57.961886855196205
HPN,57.961886855196205
10821,57.961886855196205
BOI,57.961886855196205
11259,57.961886855196205
11292,57.961886855196205
MHT,57.961886855196205
BUF,57.961886855196205
PSP,57.961886855196205
12266,57.961886855196205
12889,57.961886855196205
GSP,57.961886855196205
MSN,57.961886855196205
SAV,57.961886855196205
ONT,52.69262441381473
11433,52.69262441381473
PWM,52.69262441381473
PNS,52.69262441381473
10423,52.69262441381473
COS,52.69262441381473
13232,52.69262441381473
12191,52.69262441381473
14771,52.69262441381473
MSO,52.69262441381473
13487,52.69262441381473
CRP,52.69262441381473
12892,52.69262441381473
SRQ,52.69262441381473
11057,52.69262441381473
14107,52.69262441381473
12953,47.902385830740656
15016,47.902385830740656
FAI,47.902385830740656
BUR,47.902385830740656
10397,47.902385830740656
13495,47.902385830740656
12264,47.902385830740656
13204,47.902385830740656
14100,47.902385830740656
BTR,47.902385830740656
CAE,47.902385830740656
10693,47.902385830740656
BTV,47.902385830740656
13303,47.902385830740656
FAT,47.902385830740656
10721,47.902385830740656
11697,47.902385830740656
LBB,47.902385830740656
MDT,47.902385830740656
14747,47.902385830740656
15304,47.902385830740656
CAK,47.902385830740656
SYR,47.902385830740656
RAP,47.902385830740656
LGB,47.902385830740656
CRW,43.5476234824915
LEX,43.5476234824915
11278,43.5476234824915
FCA,43.5476234824915
GUC,43.5476234824915
LBE,43.5476234824915
11193,43.5476234824915
14869,43.5476234824915
BQN,43.5476234824915
14679,43.5476234824915
13198,39.588748620446815
MLI,39.588748620446815
SBA,39.588748620446815
MAF,39.588748620446815
12173,39.588748620446815
FNT,39.588748620446815
11423,39.588748620446815
13796,39.588748620446815
FAR,39.588748620446815
FSD,39.588748620446815
11042,39.588748620446815
14492,39.588748620446815
12339,39.588748620446815
STX,39.588748620446815
14843,39.588748620446815
14683,35.989771473133466
SGF,35.989771473133466
10140,35.989771473133466
14635,35.989771473133466
KOA,35.989771473133466
GJT,35.989771473133466
TVC,35.989771473133466
ECP,35.989771473133466
PIA,35.989771473133466
UST,35.989771473133466
GEG,35.989771473133466
AMA,35.989771473133466
CHA,35.989771473133466
14122,32.71797406648496
LIH,32.71797406648496
13851,32.71797406648496
BFL,32.71797406648496
SHV,32.71797406648496
13342,32.71797406648496
COD,32.71797406648496
ILG,32.71797406648496
BIS,32.71797406648496
LAN,32.71797406648496
LFT,32.71797406648496
11066,32.71797406648496
FWA,32.71797406648496
12451,32.71797406648496
14730,32.71797406648496
ISP,32.71797406648496
13244,29.7436127877136
10994,29.7436127877136
EUG,29.7436127877136
14057,29.7436127877136
14893,29.7436127877136
STC,29.7436127877136
RST,29.7436127877136
14908,29.7436127877136
ROA,29.7436127877136
MOB,29.7436127877136
ELM,29.7436127877136
10599,29.7436127877136
CHO,29.7436127877136
JAN,27.039647988830545
14027,27.039647988830545
MMH,27.039647988830545
15376,27.039647988830545
ABE,27.039647988830545
PHF,27.039647988830545
ACK,27.039647988830545
14831,27.039647988830545
AVP,27.039647988830545
10581,27.039647988830545
AVL,27.039647988830545
MVY,27.039647988830545
14576,27.039647988830545
EVV,27.039647988830545
AZO,24.58149817166413
10529,24.58149817166413
BIL,24.58149817166413
13577,24.58149817166413
14524,24.58149817166413
RDM,24.58149817166413
ATW,24.58149817166413
VPS,24.58149817166413
11540,24.58149817166413
15370,24.58149817166413
SAF,24.58149817166413
SUN,24.58149817166413
13931,24.58149817166413
PSC,24.58149817166413
ISN,24.58149817166413
MBS,24.58149817166413
13891,24.58149817166413
14685,24.58149817166413
13871,24.58149817166413
TLH,22.346816519694663
GRK,22.346816519694663
COU,22.346816519694663
OTH,22.346816519694663
LNK,22.346816519694663
12954,22.346816519694663
DRO,22.346816519694663
MRY,20.315287745176963
SCE,20.315287745176963
PBG,20.315287745176963
GRB,20.315287745176963
CMI,20.315287745176963
GPT,20.315287745176963
13830,20.315287745176963
MQT,20.315287745176963
HRL,20.315287745176963
DLH,20.315287745176963
10713,20.315287745176963
14570,20.315287745176963
MLU,20.315287745176963
IDA,20.315287745176963
SBP,20.315287745176963
ERI,20.315287745176963
10792,18.468443404706328
14307,18.468443404706328
15356,18.468443404706328
15919,18.468443404706328
11996,18.468443404706328
AEX,18.468443404706328
ORH,18.468443404706328
MFR,18.468443404706328
SPI,18.468443404706328
MFE,18.468443404706328
10732,18.468443404706328
CEC,16.789494004278477
TYR,16.789494004278477
10800,16.789494004278477
MGM,16.789494004278477
GNV,16.789494004278477
14262,16.789494004278477
12896,16.789494004278477
SMX,16.789494004278477
10257,16.789494004278477
12992,16.789494004278477
13158,16.789494004278477
LRD,16.789494004278477
MHK,16.789494004278477
14321,16.789494004278477
12197,15.263176367525887
LCH,15.263176367525887
PSE,15.263176367525887
EYW,15.263176367525887
ILM,15.263176367525887
LSE,15.263176367525887
MKG,15.263176367525887
CWA,15.263176367525887
MOT,15.263176367525887
BRO,15.263176367525887
11986,13.875614879568987
SUX,13.875614879568987
GCC,13.875614879568987
DVL,13.875614879568987
ALO,13.875614879568987
11267,13.875614879568987
11109,13.875614879568987
11995,13.875614879568987
ITO,13.875614879568987
PAH,13.875614879568987
EAU,13.875614879568987
10154,13.875614879568987
15412,12.614195345062715
BGR,12.614195345062715
14814,12.614195345062715
RDD,12.614195345062715
PIB,12.614195345062715
CLL,12.614195345062715
BLI,12.614195345062715
ACV,12.614195345062715
13296,12.614195345062715
13485,12.614195345062715
HYA,12.614195345062715
GTF,12.614195345062715
ADK,11.467450313693377
SGU,11.467450313693377
10785,11.467450313693377
10874,11.467450313693377
ITH,11.467450313693377
DIK,11.467450313693377
12758,11.467450313693377
DBQ,11.467450313693377
15024,11.467450313693377
IAG,11.467450313693377
FSM,11.467450313693377
BPT,11.467450313693377
15096,11.467450313693377
PUB,10.424954830630341
11721,10.424954830630341
CPR,10.424954830630341
JNU,10.424954830630341
12278,10.424954830630341
10279,10.424954830630341
CMX,10.424954830630341
14457,9.4772316642094
RKS,9.4772316642094
11884,9.4772316642094
14986,9.4772316642094
10431,9.4772316642094
JLN,9.4772316642094
11481,9.4772316642094
SJT,9.4772316642094
JMS,9.4772316642094
HOB,8.615665149281272
MEI,8.615665149281272
TOL,8.615665149281272
HLN,8.615665149281272
12982,8.615665149281272
10868,8.615665149281272
HYS,8.615665149281272
11638,8.615665149281272
14193,8.615665149281272
ABI,7.832422862982973
DHN,7.832422862982973
INL,7.832422862982973
GGG,7.832422862982973
CLD,7.832422862982973
14689,7.832422862982973
12206,7.120384420893611
ROW,7.120384420893611
ABY,7.120384420893611
ACT,7.120384420893611
11140,7.120384420893611
BQK,7.120384420893611
FLG,7.120384420893611
GCK,7.120384420893611
SPS,7.120384420893611
12898,7.120384420893611
EWN,7.120384420893611
10299,7.120384420893611
14698,7.120384420893611
14696,7.120384420893611
KTN,7.120384420893611
GTR,7.120384420893611
TRI,7.120384420893611
12217,7.120384420893611
FAY,7.120384420893611
10135,6.473076746266918
CIU,6.473076746266918
14108,6.473076746266918
13422,6.473076746266918
GRI,6.473076746266918
ABR,6.473076746266918
12391,6.473076746266918
LAW,6.473076746266918
CSG,6.473076746266918
14254,6.473076746266918
DLG,6.473076746266918
13964,6.473076746266918
LAR,6.473076746266918
PLN,5.884615223879016
APN,5.884615223879016
13230,5.884615223879016
GFK,5.884615223879016
AGS,5.884615223879016
MLB,5.884615223879016
11603,5.884615223879016
11003,5.884615223879016
14025,5.884615223879016
TXK,5.884615223879016
15027,5.884615223879016
10408,5.884615223879016
11413,5.884615223879016
11146,5.3496502035263775
12951,5.3496502035263775
OAJ,5.3496502035263775
BGM,5.3496502035263775
12441,5.3496502035263775
11612,5.3496502035263775
11977,5.3496502035263775
OTZ,5.3496502035263775
SIT,5.3496502035263775
RHI,5.3496502035263775
11637,5.3496502035263775
YUM,4.863318366842161
14252,4.863318366842161
CDC,4.863318366842161
10980,4.863318366842161
11973,4.863318366842161
13476,4.863318366842161
CDV,4.863318366842161
10990,4.863318366842161
OME,4.863318366842161
10781,4.863318366842161
11775,4.863318366842161
15624,4.421198515311055
10849,4.421198515311055
VLD,4.421198515311055
HIB,4.421198515311055
13029,4.421198515311055
15070,4.421198515311055
10434,4.421198515311055
10627,4.421198515311055
12945,4.421198515311055
ESC,4.421198515311055
14783,4.421198515311055
14222,4.421198515311055
IMT,4.421198515311055
AKN,4.421198515311055
BRD,4.019271377555504
11921,4.019271377555504
10158,4.019271377555504
BRW,4.019271377555504
BJI,4.019271377555504
ADQ,4.019271377555504
BET,4.019271377555504
13184,4.019271377555504
13541,4.019271377555504
10185,4.019271377555504
12156,3.653883070505003
11049,3.653883070505003
DAB,3.653883070505003
10561,3.653883070505003
GUM,3.653883070505003
13256,3.653883070505003
13377,3.3217118822772753
15380,3.3217118822772753
14952,3.3217118822772753
12389,3.3217118822772753
11337,3.3217118822772753
11823,3.3217118822772753
11953,3.3217118822772753
12448,3.0197380747975227
14489,3.0197380747975227
10685,3.0197380747975227
11982,3.0197380747975227
PIH,3.0197380747975227
14633,3.0197380747975227
13933,3.0197380747975227
PPG,3.0197380747975227
12323,2.745216431634111
13459,2.745216431634111
13367,2.745216431634111
14574,2.745216431634111
11695,2.745216431634111
14794,2.745216431634111
13061,2.745216431634111
12884,2.4956513014855553
11471,2.4956513014855553
TWF,2.4956513014855553
10747,2.4956513014855553
15411,2.4956513014855553
11447,2.4956513014855553
10469,2.2687739104414137
15249,2.2687739104414137
10372,2.2687739104414137
SCC,2.2687739104414137
WYS,2.2687739104414137
13264,2.2687739104414137
13486,2.2687739104414137
10136,2.2687739104414137
13433,2.2687739104414137
11537,2.2687739104414137
12523,2.0625217367649213
EKO,2.0625217367649213
13076,2.0625217367649213
12402,2.0625217367649213
10157,2.0625217367649213
12003,2.0625217367649213
11122,2.0625217367649213
14487,2.0625217367649213
BTM,2.0625217367649213
13344,1.875019760695383
11111,1.875019760695383
11865,1.875019760695383
LWS,1.875019760695383
12819,1.875019760695383
10577,1.875019760695383
11067,1.875019760695383
11013,1.7045634188139842
12280,1.7045634188139842
14905,1.7045634188139842
13290,1.7045634188139842
13277,1.7045634188139842
15048,1.7045634188139842
12094,1.7045634188139842
10620,1.7045634188139842
15497,1.7045634188139842
14588,1.7045634188139842
12255,1.5496031080127128
12129,1.5496031080127128
11076,1.5496031080127128
14109,1.5496031080127128
14006,1.4087300981933752
10146,1.4087300981933752
11097,1.4087300981933752
11778,1.4087300981933752
11648,1.4087300981933752
12335,1.4087300981933752
12915,1.4087300981933752
11630,1.4087300981933752
14256,1.280663725630341
12343,1.280663725630341
14711,1.280663725630341
14520,1.280663725630341
10728,1.280663725630341
14674,1.280663725630341
14150,1.280663725630341
12177,1.280663725630341
14842,1.280663725630341
12888,1.280663725630341
10333,1.280663725630341
11624,1.280663725630341
CNY,1.280663725630341
11274,1.280663725630341
12265,1.280663725630341
12519,1.1642397505730373
12007,1.1642397505730373
13795,1.1642397505730373
GST,1.1642397505730373
15841,1.1642397505730373
11905,1.1642397505730373
16218,1.1642397505730373
14543,1.1642397505730373
10165,1.1642397505730373
11898,1.1642397505730373
11203,1.1642397505730373
13241,1.1642397505730373
PSG,1.1642397505730373
15607,1.0583997732482155
11308,1.0583997732482155
11617,1.0583997732482155
WRG,1.0583997732482155
10918,1.0583997732482155
11980,1.0583997732482155
13360,1.0583997732482155
10731,1.0583997732482155
VEL,1.0583997732482155
10141,1.0583997732482155
11577,1.0583997732482155
11587,1.0583997732482155
15401,1.0583997732482155
13873,1.0583997732482155
13970,1.0583997732482155
YAK,1.0583997732482155
14960,1.0583997732482155
11867,1.0583997732482155
10208,1.0583997732482155
14709,1
13127,1
12511,1
10631,1
15041,1
15295,1
12891,1
15323,1
11641,1
10170,1
15991,1
10739,1
11150,1
10268,1
13502,1
11503,1
14828,1
11315,1
12016,1
11525,1
10155,1
14113,1
14098,1
10754,1
15389,1
10779,1
10926,1
11252,1
10551,1
